#time_1_buggy,org.joda.time.field.UnsupportedDurationField,227
#time_1_buggy,org.joda.time.Partial,217
#time_2_buggy,org.joda.time.field.UnsupportedDurationField,227
#time_2_buggy,org.joda.time.Partial,218
#time_3_buggy,org.joda.time.MutableDateTime,639
#time_3_buggy,org.joda.time.MutableDateTime,660
#time_3_buggy,org.joda.time.MutableDateTime,681
#time_3_buggy,org.joda.time.MutableDateTime,702
#time_3_buggy,org.joda.time.MutableDateTime,723
#time_3_buggy,org.joda.time.MutableDateTime,764
#time_3_buggy,org.joda.time.MutableDateTime,785
#time_3_buggy,org.joda.time.MutableDateTime,816
#time_3_buggy,org.joda.time.MutableDateTime,847
#time_3_buggy,org.joda.time.MutableDateTime,880
#time_4_buggy,org.joda.time.Partial,464
#time_5_buggy,org.joda.time.Period,1628
#time_6_buggy,org.joda.time.chrono.GJChronology,195
#time_6_buggy,org.joda.time.chrono.GJChronology$ImpreciseCutoverField,978
#time_6_buggy,org.joda.time.chrono.GJChronology$ImpreciseCutoverField,1000
#time_7_buggy,org.joda.time.format.DateTimeFormatter,710
time_8_buggy,org.joda.time.DateTimeZone,279
time_8_buggy,org.joda.time.DateTimeZone,286
time_9_buggy,org.joda.time.DateTimeZone,258
time_9_buggy,org.joda.time.DateTimeZone,263
time_9_buggy,org.joda.time.DateTimeZone,265
time_9_buggy,org.joda.time.DateTimeZone,267
time_9_buggy,org.joda.time.DateTimeZone,283
time_10_buggy,org.joda.time.base.BaseSingleFieldPeriod,104
time_11_buggy,org.joda.time.tz.ZoneInfoCompiler,68
time_12_buggy,org.joda.time.LocalDate,210
time_12_buggy,org.joda.time.LocalDate,212
time_12_buggy,org.joda.time.LocalDate,240
time_12_buggy,org.joda.time.LocalDateTime,199
time_12_buggy,org.joda.time.LocalDateTime,201
time_12_buggy,org.joda.time.LocalDateTime,237
time_13_buggy,org.joda.time.format.PeriodFormatterBuilder,1098
time_13_buggy,org.joda.time.format.PeriodFormatterBuilder,1133
time_13_buggy,org.joda.time.format.PeriodFormatterBuilder,1142
time_14_buggy,org.joda.time.chrono.BasicMonthOfYearDateTimeField,210
time_15_buggy,org.joda.time.field.FieldUtils,138
time_16_buggy,org.joda.time.format.DateTimeFormatter,709
time_17_buggy,org.joda.time.DateTimeZone,1167
time_17_buggy,org.joda.time.DateTimeZone,1174
time_18_buggy,org.joda.time.chrono.GJChronology,364
time_19_buggy,org.joda.time.DateTimeZone,900
time_20_buggy,org.joda.time.format.DateTimeFormatterBuilder$TimeZoneId,2544
time_21_buggy,org.joda.time.tz.DefaultNameProvider,66
time_21_buggy,org.joda.time.tz.DefaultNameProvider,72
time_22_buggy,org.joda.time.base.BasePeriod,222
time_23_buggy,org.joda.time.DateTimeZone,563
time_24_buggy,org.joda.time.format.DateTimeParserBucket,352
time_25_buggy,org.joda.time.DateTimeZone,900
time_26_buggy,org.joda.time.chrono.ZonedChronology$ZonedDateTimeField,436
time_26_buggy,org.joda.time.chrono.ZonedChronology$ZonedDateTimeField,448
time_26_buggy,org.joda.time.chrono.ZonedChronology$ZonedDateTimeField,460
time_26_buggy,org.joda.time.chrono.ZonedChronology$ZonedDateTimeField,467
time_26_buggy,org.joda.time.chrono.ZonedChronology$ZonedDateTimeField,481
time_26_buggy,org.joda.time.chrono.ZonedChronology$ZonedDateTimeField,528
time_26_buggy,org.joda.time.chrono.ZonedChronology$ZonedDateTimeField,540
time_27_buggy,org.joda.time.format.PeriodFormatterBuilder,801